tag correlation,stemming techniques,correlation value,p value
tags,none,0.204206847973,9.40362308104e-13
emoticons,none,0.0555197204204,0.0546138977079
ellipses,none,0.346229736717,4.27175973833e-35
tags,Lancaster,0.239148884841,4.68407039932e-17
emoticons,Lancaster,0.0446002658447,0.122706619982
ellipses,Lancaster,0.338590298594,1.51578316287e-33
tags,Porter,0.222157249404,7.14059373343e-15
emoticans,Porter,0.0771606496029,0.00751743700503
ellipses,Porter,0.383299534718,2.98541034701e-43
