tag correlation,stemming techniques,correlation value,p value
tags,none,0.243529717158,1.20042606993e-17
emoticons,none,0.0636042269106,0.0276420204628
ellipses,none,0.326474227763,3.55803230388e-31
tags,Lancaster,0.26392656639,1.47718897957e-20
emoticons,Lancaster,0.0536261004992,0.0634126044084
ellipses,Lancaster,0.288975511193,1.70763146149e-24
tags,Porter,0.251403325968,9.70219468763e-19
emoticans,Porter,0.0867735704938,0.00263656133896
ellipses,Porter,0.365623025043,3.14688027417e-39
