tag correlation,stemming tequeniques,correlation value,p value
tags,none,0.12075516839,2.7824919318e-05
emoticons,none,0.0440269630402,0.127754953851
ellipses,none,0.356549393547,3.14053429927e-37
tags,Lancaster,0.149743662485,1.91998985025e-07
emoticons,Lancaster,0.0468698915641,0.104918008265
ellipses,Lancaster,0.346402897235,4.19668393347e-35
tags,Porter,0.144433501732,5.1596633521e-07
emoticans,Porter,0.0626938013222,0.0300192787254
ellipses,Porter,0.391769464848,3.11902661821e-45
