tag correlation,stemming tequeniques,correlation value,p value
tags,none,0.123696444093,1.74518292134e-05
emoticons,none,0.0290571133802,0.314746994152
ellipses,none,0.348917599097,1.18822517e-35
tags,Lancaster,0.152035347779,1.22482557351e-07
emoticons,Lancaster,0.0397354927546,0.169127687301
ellipses,Lancaster,0.34137944206,4.16617816231e-34
tags,Porter,0.146588792522,3.43012065678e-07
emoticans,Porter,0.0430293102017,0.136462765269
ellipses,Porter,0.385825920332,7.5763840171e-44
